timeStamp,elapsed,label,responseCode,responseMessage,threadName,dataType,success,failureMessage,bytes,sentBytes,grpThreads,allThreads,URL,Latency,IdleTime,Connect
1773153617748,545,HTTP Request,200,OK,Ramp-up Load 1-1,text,true,,1198,225,1,1,https://api.weatherbit.io/v2.0/current?city=Sydney&country=AU&key=628bd42a721c4a57b7ffaade43851fae&units=M,545,0,365
1773153618753,181,HTTP Request,200,OK,Ramp-up Load 1-1,text,true,,1219,225,1,1,https://api.weatherbit.io/v2.0/current?city=London&country=GB&key=628bd42a721c4a57b7ffaade43851fae&units=M,181,0,0
1773153619751,187,HTTP Request,200,OK,Ramp-up Load 1-1,text,true,,1214,227,1,1,https://api.weatherbit.io/v2.0/current?city=New+York&country=US&key=628bd42a721c4a57b7ffaade43851fae&units=M,187,0,0
1773153620754,178,HTTP Request,200,OK,Ramp-up Load 1-1,text,true,,1185,224,1,1,https://api.weatherbit.io/v2.0/current?city=Tokyo&country=JP&key=628bd42a721c4a57b7ffaade43851fae&units=M,178,0,0
1773153621753,206,HTTP Request,200,OK,Ramp-up Load 1-1,text,true,,1209,224,1,1,https://api.weatherbit.io/v2.0/current?city=Paris&country=FR&key=628bd42a721c4a57b7ffaade43851fae&units=M,206,0,0
1773153622754,184,HTTP Request,200,OK,Ramp-up Load 1-1,text,true,,1198,224,1,1,https://api.weatherbit.io/v2.0/current?city=Dubai&country=AE&key=628bd42a721c4a57b7ffaade43851fae&units=M,184,0,0
1773153623754,181,HTTP Request,200,OK,Ramp-up Load 1-1,text,true,,1196,228,1,1,https://api.weatherbit.io/v2.0/current?city=Singapore&country=SG&key=628bd42a721c4a57b7ffaade43851fae&units=M,181,0,0
1773153624750,213,HTTP Request,200,OK,Ramp-up Load 1-1,text,true,,1225,230,1,1,https://api.weatherbit.io/v2.0/current?city=Los+Angeles&country=US&key=628bd42a721c4a57b7ffaade43851fae&units=M,213,0,0
1773153625754,173,HTTP Request,200,OK,Ramp-up Load 1-1,text,true,,1194,225,1,1,https://api.weatherbit.io/v2.0/current?city=Sydney&country=AU&key=628bd42a721c4a57b7ffaade43851fae&units=M,173,0,0
1773153626754,182,HTTP Request,200,OK,Ramp-up Load 1-1,text,true,,1219,225,1,1,https://api.weatherbit.io/v2.0/current?city=London&country=GB&key=628bd42a721c4a57b7ffaade43851fae&units=M,182,0,0
1773153627752,178,HTTP Request,200,OK,Ramp-up Load 1-1,text,true,,1214,227,1,1,https://api.weatherbit.io/v2.0/current?city=New+York&country=US&key=628bd42a721c4a57b7ffaade43851fae&units=M,178,0,0
1773153628750,175,HTTP Request,200,OK,Ramp-up Load 1-1,text,true,,1181,224,1,1,https://api.weatherbit.io/v2.0/current?city=Tokyo&country=JP&key=628bd42a721c4a57b7ffaade43851fae&units=M,175,0,0
1773153629750,179,HTTP Request,200,OK,Ramp-up Load 1-1,text,true,,1209,224,1,1,https://api.weatherbit.io/v2.0/current?city=Paris&country=FR&key=628bd42a721c4a57b7ffaade43851fae&units=M,179,0,0
1773153630748,183,HTTP Request,200,OK,Ramp-up Load 1-1,text,true,,1198,224,1,1,https://api.weatherbit.io/v2.0/current?city=Dubai&country=AE&key=628bd42a721c4a57b7ffaade43851fae&units=M,183,0,0
1773153631754,179,HTTP Request,200,OK,Ramp-up Load 1-1,text,true,,1192,228,1,1,https://api.weatherbit.io/v2.0/current?city=Singapore&country=SG&key=628bd42a721c4a57b7ffaade43851fae&units=M,179,0,0
1773153632750,182,HTTP Request,200,OK,Ramp-up Load 1-1,text,true,,1209,230,1,1,https://api.weatherbit.io/v2.0/current?city=Los+Angeles&country=US&key=628bd42a721c4a57b7ffaade43851fae&units=M,182,0,0
1773153633754,178,HTTP Request,200,OK,Ramp-up Load 1-1,text,true,,1198,225,1,1,https://api.weatherbit.io/v2.0/current?city=Sydney&country=AU&key=628bd42a721c4a57b7ffaade43851fae&units=M,178,0,0
1773153634750,180,HTTP Request,200,OK,Ramp-up Load 1-1,text,true,,1215,225,1,1,https://api.weatherbit.io/v2.0/current?city=London&country=GB&key=628bd42a721c4a57b7ffaade43851fae&units=M,180,0,0
1773153635750,175,HTTP Request,200,OK,Ramp-up Load 1-1,text,true,,1213,227,1,1,https://api.weatherbit.io/v2.0/current?city=New+York&country=US&key=628bd42a721c4a57b7ffaade43851fae&units=M,175,0,0
1773153636752,182,HTTP Request,200,OK,Ramp-up Load 1-1,text,true,,1185,224,1,1,https://api.weatherbit.io/v2.0/current?city=Tokyo&country=JP&key=628bd42a721c4a57b7ffaade43851fae&units=M,182,0,0
1773153637754,182,HTTP Request,200,OK,Ramp-up Load 1-1,text,true,,1209,224,1,1,https://api.weatherbit.io/v2.0/current?city=Paris&country=FR&key=628bd42a721c4a57b7ffaade43851fae&units=M,182,0,0
1773153638754,177,HTTP Request,200,OK,Ramp-up Load 1-1,text,true,,1194,224,1,1,https://api.weatherbit.io/v2.0/current?city=Dubai&country=AE&key=628bd42a721c4a57b7ffaade43851fae&units=M,177,0,0
1773153639752,179,HTTP Request,200,OK,Ramp-up Load 1-1,text,true,,1196,228,1,1,https://api.weatherbit.io/v2.0/current?city=Singapore&country=SG&key=628bd42a721c4a57b7ffaade43851fae&units=M,179,0,0
1773153692969,698,HTTP Request,200,OK,Ramp-up Load 1-1,text,true,,1198,225,1,1,https://api.weatherbit.io/v2.0/current?city=Sydney&country=AU&key=628bd42a721c4a57b7ffaade43851fae&units=M,698,0,512
1773153693932,184,HTTP Request,200,OK,Ramp-up Load 1-1,text,true,,1219,225,1,1,https://api.weatherbit.io/v2.0/current?city=London&country=GB&key=628bd42a721c4a57b7ffaade43851fae&units=M,184,0,0
1773153694936,183,HTTP Request,200,OK,Ramp-up Load 1-1,text,true,,1217,227,1,1,https://api.weatherbit.io/v2.0/current?city=New+York&country=US&key=628bd42a721c4a57b7ffaade43851fae&units=M,183,0,0
1773153695933,176,HTTP Request,200,OK,Ramp-up Load 1-1,text,true,,1185,224,1,1,https://api.weatherbit.io/v2.0/current?city=Tokyo&country=JP&key=628bd42a721c4a57b7ffaade43851fae&units=M,176,0,0
1773153696937,184,HTTP Request,200,OK,Ramp-up Load 1-1,text,true,,1209,224,1,1,https://api.weatherbit.io/v2.0/current?city=Paris&country=FR&key=628bd42a721c4a57b7ffaade43851fae&units=M,184,0,0
1773153697935,184,HTTP Request,200,OK,Ramp-up Load 1-1,text,true,,1198,224,1,1,https://api.weatherbit.io/v2.0/current?city=Dubai&country=AE&key=628bd42a721c4a57b7ffaade43851fae&units=M,184,0,0
1773153698938,180,HTTP Request,200,OK,Ramp-up Load 1-1,text,true,,1196,228,1,1,https://api.weatherbit.io/v2.0/current?city=Singapore&country=SG&key=628bd42a721c4a57b7ffaade43851fae&units=M,180,0,0
1773153699938,178,HTTP Request,200,OK,Ramp-up Load 1-1,text,true,,1212,230,1,1,https://api.weatherbit.io/v2.0/current?city=Los+Angeles&country=US&key=628bd42a721c4a57b7ffaade43851fae&units=M,178,0,0
1773153700935,179,HTTP Request,200,OK,Ramp-up Load 1-1,text,true,,1194,225,1,1,https://api.weatherbit.io/v2.0/current?city=Sydney&country=AU&key=628bd42a721c4a57b7ffaade43851fae&units=M,179,0,0
1773153701933,179,HTTP Request,200,OK,Ramp-up Load 1-1,text,true,,1215,225,1,1,https://api.weatherbit.io/v2.0/current?city=London&country=GB&key=628bd42a721c4a57b7ffaade43851fae&units=M,178,0,0
1773153702936,177,HTTP Request,200,OK,Ramp-up Load 1-1,text,true,,1213,227,1,1,https://api.weatherbit.io/v2.0/current?city=New+York&country=US&key=628bd42a721c4a57b7ffaade43851fae&units=M,177,0,0
1773153703936,179,HTTP Request,200,OK,Ramp-up Load 1-1,text,true,,1181,224,1,1,https://api.weatherbit.io/v2.0/current?city=Tokyo&country=JP&key=628bd42a721c4a57b7ffaade43851fae&units=M,179,0,0
1773153704937,178,HTTP Request,200,OK,Ramp-up Load 1-1,text,true,,1205,224,1,1,https://api.weatherbit.io/v2.0/current?city=Paris&country=FR&key=628bd42a721c4a57b7ffaade43851fae&units=M,178,0,0
1773153705933,178,HTTP Request,200,OK,Ramp-up Load 1-1,text,true,,1198,224,1,1,https://api.weatherbit.io/v2.0/current?city=Dubai&country=AE&key=628bd42a721c4a57b7ffaade43851fae&units=M,177,0,0
1773153706938,185,HTTP Request,200,OK,Ramp-up Load 1-1,text,true,,1192,228,1,1,https://api.weatherbit.io/v2.0/current?city=Singapore&country=SG&key=628bd42a721c4a57b7ffaade43851fae&units=M,185,0,0
1773153707938,183,HTTP Request,200,OK,Ramp-up Load 1-1,text,true,,1212,230,1,1,https://api.weatherbit.io/v2.0/current?city=Los+Angeles&country=US&key=628bd42a721c4a57b7ffaade43851fae&units=M,183,0,0
1773153708937,177,HTTP Request,200,OK,Ramp-up Load 1-1,text,true,,1198,225,1,1,https://api.weatherbit.io/v2.0/current?city=Sydney&country=AU&key=628bd42a721c4a57b7ffaade43851fae&units=M,177,0,0
1773153709937,183,HTTP Request,200,OK,Ramp-up Load 1-1,text,true,,1219,225,1,1,https://api.weatherbit.io/v2.0/current?city=London&country=GB&key=628bd42a721c4a57b7ffaade43851fae&units=M,183,0,0
1773153710937,177,HTTP Request,200,OK,Ramp-up Load 1-1,text,true,,1217,227,1,1,https://api.weatherbit.io/v2.0/current?city=New+York&country=US&key=628bd42a721c4a57b7ffaade43851fae&units=M,177,0,0
1773153711937,183,HTTP Request,200,OK,Ramp-up Load 1-1,text,true,,1185,224,1,1,https://api.weatherbit.io/v2.0/current?city=Tokyo&country=JP&key=628bd42a721c4a57b7ffaade43851fae&units=M,183,0,0
1773153712937,182,HTTP Request,200,OK,Ramp-up Load 1-1,text,true,,1209,224,1,1,https://api.weatherbit.io/v2.0/current?city=Paris&country=FR&key=628bd42a721c4a57b7ffaade43851fae&units=M,182,0,0
1773153713937,178,HTTP Request,200,OK,Ramp-up Load 1-1,text,true,,1198,224,1,1,https://api.weatherbit.io/v2.0/current?city=Dubai&country=AE&key=628bd42a721c4a57b7ffaade43851fae&units=M,178,0,0
1773153714937,181,HTTP Request,200,OK,Ramp-up Load 1-1,text,true,,1196,228,1,1,https://api.weatherbit.io/v2.0/current?city=Singapore&country=SG&key=628bd42a721c4a57b7ffaade43851fae&units=M,181,0,0
1773153715935,178,HTTP Request,200,OK,Ramp-up Load 1-1,text,true,,1208,230,1,1,https://api.weatherbit.io/v2.0/current?city=Los+Angeles&country=US&key=628bd42a721c4a57b7ffaade43851fae&units=M,178,0,0
1773153716934,208,HTTP Request,200,OK,Ramp-up Load 1-1,text,true,,1194,225,1,1,https://api.weatherbit.io/v2.0/current?city=Sydney&country=AU&key=628bd42a721c4a57b7ffaade43851fae&units=M,208,0,0
1773153717937,181,HTTP Request,200,OK,Ramp-up Load 1-1,text,true,,1219,225,1,1,https://api.weatherbit.io/v2.0/current?city=London&country=GB&key=628bd42a721c4a57b7ffaade43851fae&units=M,181,0,0
1773153718938,173,HTTP Request,200,OK,Ramp-up Load 1-1,text,true,,1213,227,1,1,https://api.weatherbit.io/v2.0/current?city=New+York&country=US&key=628bd42a721c4a57b7ffaade43851fae&units=M,173,0,0
1773153719937,177,HTTP Request,200,OK,Ramp-up Load 1-1,text,true,,1181,224,1,1,https://api.weatherbit.io/v2.0/current?city=Tokyo&country=JP&key=628bd42a721c4a57b7ffaade43851fae&units=M,177,0,0
1773153720936,177,HTTP Request,200,OK,Ramp-up Load 1-1,text,true,,1205,224,1,1,https://api.weatherbit.io/v2.0/current?city=Paris&country=FR&key=628bd42a721c4a57b7ffaade43851fae&units=M,177,0,0
1773153721936,183,HTTP Request,200,OK,Ramp-up Load 1-1,text,true,,1198,224,1,1,https://api.weatherbit.io/v2.0/current?city=Dubai&country=AE&key=628bd42a721c4a57b7ffaade43851fae&units=M,182,0,0
1773153722937,176,HTTP Request,200,OK,Ramp-up Load 1-1,text,true,,1196,228,1,1,https://api.weatherbit.io/v2.0/current?city=Singapore&country=SG&key=628bd42a721c4a57b7ffaade43851fae&units=M,176,0,0
1773153723937,177,HTTP Request,200,OK,Ramp-up Load 1-1,text,true,,1212,230,1,1,https://api.weatherbit.io/v2.0/current?city=Los+Angeles&country=US&key=628bd42a721c4a57b7ffaade43851fae&units=M,177,0,0
1773153724937,176,HTTP Request,200,OK,Ramp-up Load 1-1,text,true,,1198,225,1,1,https://api.weatherbit.io/v2.0/current?city=Sydney&country=AU&key=628bd42a721c4a57b7ffaade43851fae&units=M,176,0,0
1773153725932,177,HTTP Request,200,OK,Ramp-up Load 1-1,text,true,,1219,225,1,1,https://api.weatherbit.io/v2.0/current?city=London&country=GB&key=628bd42a721c4a57b7ffaade43851fae&units=M,177,0,0
1773153726936,178,HTTP Request,200,OK,Ramp-up Load 1-1,text,true,,1217,227,1,1,https://api.weatherbit.io/v2.0/current?city=New+York&country=US&key=628bd42a721c4a57b7ffaade43851fae&units=M,178,0,0
1773153727937,176,HTTP Request,200,OK,Ramp-up Load 1-1,text,true,,1185,224,1,1,https://api.weatherbit.io/v2.0/current?city=Tokyo&country=JP&key=628bd42a721c4a57b7ffaade43851fae&units=M,176,0,0
1773153728938,177,HTTP Request,200,OK,Ramp-up Load 1-1,text,true,,1209,224,1,1,https://api.weatherbit.io/v2.0/current?city=Paris&country=FR&key=628bd42a721c4a57b7ffaade43851fae&units=M,177,0,0
1773153729933,177,HTTP Request,200,OK,Ramp-up Load 1-1,text,true,,1198,224,1,1,https://api.weatherbit.io/v2.0/current?city=Dubai&country=AE&key=628bd42a721c4a57b7ffaade43851fae&units=M,177,0,0
1773153730938,178,HTTP Request,200,OK,Ramp-up Load 1-1,text,true,,1196,228,1,1,https://api.weatherbit.io/v2.0/current?city=Singapore&country=SG&key=628bd42a721c4a57b7ffaade43851fae&units=M,177,0,0
1773153731938,178,HTTP Request,200,OK,Ramp-up Load 1-1,text,true,,1212,230,1,1,https://api.weatherbit.io/v2.0/current?city=Los+Angeles&country=US&key=628bd42a721c4a57b7ffaade43851fae&units=M,177,0,0
1773153732937,182,HTTP Request,200,OK,Ramp-up Load 1-1,text,true,,1198,225,1,1,https://api.weatherbit.io/v2.0/current?city=Sydney&country=AU&key=628bd42a721c4a57b7ffaade43851fae&units=M,182,0,0
1773153733934,178,HTTP Request,200,OK,Ramp-up Load 1-1,text,true,,1215,225,1,1,https://api.weatherbit.io/v2.0/current?city=London&country=GB&key=628bd42a721c4a57b7ffaade43851fae&units=M,178,0,0
1773153734937,182,HTTP Request,200,OK,Ramp-up Load 1-1,text,true,,1217,227,1,1,https://api.weatherbit.io/v2.0/current?city=New+York&country=US&key=628bd42a721c4a57b7ffaade43851fae&units=M,182,0,0
1773153735936,180,HTTP Request,200,OK,Ramp-up Load 1-1,text,true,,1185,224,1,1,https://api.weatherbit.io/v2.0/current?city=Tokyo&country=JP&key=628bd42a721c4a57b7ffaade43851fae&units=M,180,0,0
1773153736937,181,HTTP Request,200,OK,Ramp-up Load 1-1,text,true,,1205,224,1,1,https://api.weatherbit.io/v2.0/current?city=Paris&country=FR&key=628bd42a721c4a57b7ffaade43851fae&units=M,181,0,0
1773153737938,177,HTTP Request,200,OK,Ramp-up Load 1-1,text,true,,1194,224,1,1,https://api.weatherbit.io/v2.0/current?city=Dubai&country=AE&key=628bd42a721c4a57b7ffaade43851fae&units=M,176,0,0
1773153738937,181,HTTP Request,200,OK,Ramp-up Load 1-1,text,true,,1196,228,1,1,https://api.weatherbit.io/v2.0/current?city=Singapore&country=SG&key=628bd42a721c4a57b7ffaade43851fae&units=M,181,0,0
1773153739937,180,HTTP Request,200,OK,Ramp-up Load 1-1,text,true,,1208,230,1,1,https://api.weatherbit.io/v2.0/current?city=Los+Angeles&country=US&key=628bd42a721c4a57b7ffaade43851fae&units=M,180,0,0
1773153841975,696,HTTP Request,200,OK,Ramp-up Load 1-1,text,true,,1198,225,1,1,https://api.weatherbit.io/v2.0/current?city=Sydney&country=AU&key=628bd42a721c4a57b7ffaade43851fae&units=M,696,0,510
1773153842943,256,HTTP Request,200,OK,Ramp-up Load 1-1,text,true,,1235,225,1,1,https://api.weatherbit.io/v2.0/current?city=London&country=GB&key=628bd42a721c4a57b7ffaade43851fae&units=M,256,0,0
1773153843943,181,HTTP Request,200,OK,Ramp-up Load 1-1,text,true,,1217,227,1,1,https://api.weatherbit.io/v2.0/current?city=New+York&country=US&key=628bd42a721c4a57b7ffaade43851fae&units=M,181,0,0
1773153844947,216,HTTP Request,200,OK,Ramp-up Load 1-1,text,true,,1201,224,1,1,https://api.weatherbit.io/v2.0/current?city=Tokyo&country=JP&key=628bd42a721c4a57b7ffaade43851fae&units=M,216,0,0
1773153845947,215,HTTP Request,200,OK,Ramp-up Load 1-1,text,true,,1225,224,1,1,https://api.weatherbit.io/v2.0/current?city=Paris&country=FR&key=628bd42a721c4a57b7ffaade43851fae&units=M,215,0,0
1773153846943,249,HTTP Request,200,OK,Ramp-up Load 1-1,text,true,,1214,224,1,1,https://api.weatherbit.io/v2.0/current?city=Dubai&country=AE&key=628bd42a721c4a57b7ffaade43851fae&units=M,249,0,0
1773153847944,211,HTTP Request,200,OK,Ramp-up Load 1-1,text,true,,1212,228,1,1,https://api.weatherbit.io/v2.0/current?city=Singapore&country=SG&key=628bd42a721c4a57b7ffaade43851fae&units=M,211,0,0
1773153848946,180,HTTP Request,200,OK,Ramp-up Load 1-1,text,true,,1212,230,1,1,https://api.weatherbit.io/v2.0/current?city=Los+Angeles&country=US&key=628bd42a721c4a57b7ffaade43851fae&units=M,180,0,0
1773153849942,180,HTTP Request,200,OK,Ramp-up Load 1-1,text,true,,1194,225,1,1,https://api.weatherbit.io/v2.0/current?city=Sydney&country=AU&key=628bd42a721c4a57b7ffaade43851fae&units=M,180,0,0
1773153850946,183,HTTP Request,200,OK,Ramp-up Load 1-1,text,true,,1219,225,1,1,https://api.weatherbit.io/v2.0/current?city=London&country=GB&key=628bd42a721c4a57b7ffaade43851fae&units=M,183,0,0
1773153851941,181,HTTP Request,200,OK,Ramp-up Load 1-1,text,true,,1213,227,1,1,https://api.weatherbit.io/v2.0/current?city=New+York&country=US&key=628bd42a721c4a57b7ffaade43851fae&units=M,181,0,0
1773153852946,180,HTTP Request,200,OK,Ramp-up Load 1-1,text,true,,1197,224,1,1,https://api.weatherbit.io/v2.0/current?city=Tokyo&country=JP&key=628bd42a721c4a57b7ffaade43851fae&units=M,180,0,0
1773153853945,181,HTTP Request,200,OK,Ramp-up Load 1-1,text,true,,1221,224,1,1,https://api.weatherbit.io/v2.0/current?city=Paris&country=FR&key=628bd42a721c4a57b7ffaade43851fae&units=M,180,0,0
1773153854946,181,HTTP Request,200,OK,Ramp-up Load 1-1,text,true,,1210,224,1,1,https://api.weatherbit.io/v2.0/current?city=Dubai&country=AE&key=628bd42a721c4a57b7ffaade43851fae&units=M,180,0,0
1773153855942,180,HTTP Request,200,OK,Ramp-up Load 1-1,text,true,,1208,228,1,1,https://api.weatherbit.io/v2.0/current?city=Singapore&country=SG&key=628bd42a721c4a57b7ffaade43851fae&units=M,180,0,0
1773153856944,184,HTTP Request,200,OK,Ramp-up Load 1-1,text,true,,1212,230,1,1,https://api.weatherbit.io/v2.0/current?city=Los+Angeles&country=US&key=628bd42a721c4a57b7ffaade43851fae&units=M,184,0,0
1773153857943,184,HTTP Request,200,OK,Ramp-up Load 1-1,text,true,,1198,225,1,1,https://api.weatherbit.io/v2.0/current?city=Sydney&country=AU&key=628bd42a721c4a57b7ffaade43851fae&units=M,184,0,0
1773153858946,185,HTTP Request,200,OK,Ramp-up Load 1-1,text,true,,1215,225,1,1,https://api.weatherbit.io/v2.0/current?city=London&country=GB&key=628bd42a721c4a57b7ffaade43851fae&units=M,185,0,0
1773153859942,183,HTTP Request,200,OK,Ramp-up Load 1-1,text,true,,1217,227,1,1,https://api.weatherbit.io/v2.0/current?city=New+York&country=US&key=628bd42a721c4a57b7ffaade43851fae&units=M,182,0,0
1773153860942,184,HTTP Request,200,OK,Ramp-up Load 1-1,text,true,,1185,224,1,1,https://api.weatherbit.io/v2.0/current?city=Tokyo&country=JP&key=628bd42a721c4a57b7ffaade43851fae&units=M,184,0,0
1773153861946,184,HTTP Request,200,OK,Ramp-up Load 1-1,text,true,,1209,224,1,1,https://api.weatherbit.io/v2.0/current?city=Paris&country=FR&key=628bd42a721c4a57b7ffaade43851fae&units=M,184,0,0
1773153862946,183,HTTP Request,200,OK,Ramp-up Load 1-1,text,true,,1198,224,1,1,https://api.weatherbit.io/v2.0/current?city=Dubai&country=AE&key=628bd42a721c4a57b7ffaade43851fae&units=M,183,0,0
1773153863945,184,HTTP Request,200,OK,Ramp-up Load 1-1,text,true,,1196,228,1,1,https://api.weatherbit.io/v2.0/current?city=Singapore&country=SG&key=628bd42a721c4a57b7ffaade43851fae&units=M,184,0,0
1773153864945,180,HTTP Request,200,OK,Ramp-up Load 1-1,text,true,,1208,230,1,1,https://api.weatherbit.io/v2.0/current?city=Los+Angeles&country=US&key=628bd42a721c4a57b7ffaade43851fae&units=M,180,0,0
1773153865946,183,HTTP Request,200,OK,Ramp-up Load 1-1,text,true,,1198,225,1,1,https://api.weatherbit.io/v2.0/current?city=Sydney&country=AU&key=628bd42a721c4a57b7ffaade43851fae&units=M,183,0,0
1773153866941,183,HTTP Request,200,OK,Ramp-up Load 1-1,text,true,,1219,225,1,1,https://api.weatherbit.io/v2.0/current?city=London&country=GB&key=628bd42a721c4a57b7ffaade43851fae&units=M,183,0,0
1773153867945,186,HTTP Request,200,OK,Ramp-up Load 1-1,text,true,,1217,227,1,1,https://api.weatherbit.io/v2.0/current?city=New+York&country=US&key=628bd42a721c4a57b7ffaade43851fae&units=M,186,0,0
1773153868945,181,HTTP Request,200,OK,Ramp-up Load 1-1,text,true,,1181,224,1,1,https://api.weatherbit.io/v2.0/current?city=Tokyo&country=JP&key=628bd42a721c4a57b7ffaade43851fae&units=M,181,0,0
1773153869946,183,HTTP Request,200,OK,Ramp-up Load 1-1,text,true,,1209,224,1,1,https://api.weatherbit.io/v2.0/current?city=Paris&country=FR&key=628bd42a721c4a57b7ffaade43851fae&units=M,183,0,0
1773153870943,181,HTTP Request,200,OK,Ramp-up Load 1-1,text,true,,1194,224,1,1,https://api.weatherbit.io/v2.0/current?city=Dubai&country=AE&key=628bd42a721c4a57b7ffaade43851fae&units=M,181,0,0
1773153871943,180,HTTP Request,200,OK,Ramp-up Load 1-1,text,true,,1192,228,1,1,https://api.weatherbit.io/v2.0/current?city=Singapore&country=SG&key=628bd42a721c4a57b7ffaade43851fae&units=M,180,0,0
1773153872946,184,HTTP Request,200,OK,Ramp-up Load 1-1,text,true,,1212,230,1,1,https://api.weatherbit.io/v2.0/current?city=Los+Angeles&country=US&key=628bd42a721c4a57b7ffaade43851fae&units=M,184,0,0
1773153873946,184,HTTP Request,200,OK,Ramp-up Load 1-1,text,true,,1198,225,1,1,https://api.weatherbit.io/v2.0/current?city=Sydney&country=AU&key=628bd42a721c4a57b7ffaade43851fae&units=M,184,0,0
1773153874942,180,HTTP Request,200,OK,Ramp-up Load 1-1,text,true,,1215,225,1,1,https://api.weatherbit.io/v2.0/current?city=London&country=GB&key=628bd42a721c4a57b7ffaade43851fae&units=M,180,0,0
1773153875943,180,HTTP Request,200,OK,Ramp-up Load 1-1,text,true,,1213,227,1,1,https://api.weatherbit.io/v2.0/current?city=New+York&country=US&key=628bd42a721c4a57b7ffaade43851fae&units=M,180,0,0
1773153876942,183,HTTP Request,200,OK,Ramp-up Load 1-1,text,true,,1185,224,1,1,https://api.weatherbit.io/v2.0/current?city=Tokyo&country=JP&key=628bd42a721c4a57b7ffaade43851fae&units=M,183,0,0
1773153877942,183,HTTP Request,200,OK,Ramp-up Load 1-1,text,true,,1209,224,1,1,https://api.weatherbit.io/v2.0/current?city=Paris&country=FR&key=628bd42a721c4a57b7ffaade43851fae&units=M,183,0,0
1773153878944,185,HTTP Request,200,OK,Ramp-up Load 1-1,text,true,,1198,224,1,1,https://api.weatherbit.io/v2.0/current?city=Dubai&country=AE&key=628bd42a721c4a57b7ffaade43851fae&units=M,185,0,0
1773153879944,184,HTTP Request,200,OK,Ramp-up Load 1-1,text,true,,1196,228,1,1,https://api.weatherbit.io/v2.0/current?city=Singapore&country=SG&key=628bd42a721c4a57b7ffaade43851fae&units=M,184,0,0
1773153880945,183,HTTP Request,200,OK,Ramp-up Load 1-1,text,true,,1212,230,1,1,https://api.weatherbit.io/v2.0/current?city=Los+Angeles&country=US&key=628bd42a721c4a57b7ffaade43851fae&units=M,183,0,0
1773153881946,185,HTTP Request,200,OK,Ramp-up Load 1-1,text,true,,1194,225,1,1,https://api.weatherbit.io/v2.0/current?city=Sydney&country=AU&key=628bd42a721c4a57b7ffaade43851fae&units=M,185,0,0
1773153882945,184,HTTP Request,200,OK,Ramp-up Load 1-1,text,true,,1219,225,1,1,https://api.weatherbit.io/v2.0/current?city=London&country=GB&key=628bd42a721c4a57b7ffaade43851fae&units=M,184,0,0
1773153883946,184,HTTP Request,200,OK,Ramp-up Load 1-1,text,true,,1217,227,1,1,https://api.weatherbit.io/v2.0/current?city=New+York&country=US&key=628bd42a721c4a57b7ffaade43851fae&units=M,184,0,0
1773153884946,184,HTTP Request,200,OK,Ramp-up Load 1-1,text,true,,1185,224,1,1,https://api.weatherbit.io/v2.0/current?city=Tokyo&country=JP&key=628bd42a721c4a57b7ffaade43851fae&units=M,184,0,0
1773153885946,179,HTTP Request,200,OK,Ramp-up Load 1-1,text,true,,1205,224,1,1,https://api.weatherbit.io/v2.0/current?city=Paris&country=FR&key=628bd42a721c4a57b7ffaade43851fae&units=M,179,0,0
1773153886945,185,HTTP Request,200,OK,Ramp-up Load 1-1,text,true,,1198,224,1,1,https://api.weatherbit.io/v2.0/current?city=Dubai&country=AE&key=628bd42a721c4a57b7ffaade43851fae&units=M,185,0,0
1773153887946,181,HTTP Request,200,OK,Ramp-up Load 1-1,text,true,,1192,228,1,1,https://api.weatherbit.io/v2.0/current?city=Singapore&country=SG&key=628bd42a721c4a57b7ffaade43851fae&units=M,181,0,0
1773153888945,180,HTTP Request,200,OK,Ramp-up Load 1-1,text,true,,1208,230,1,1,https://api.weatherbit.io/v2.0/current?city=Los+Angeles&country=US&key=628bd42a721c4a57b7ffaade43851fae&units=M,180,0,0
1773153889944,184,HTTP Request,200,OK,Ramp-up Load 1-1,text,true,,1198,225,1,1,https://api.weatherbit.io/v2.0/current?city=Sydney&country=AU&key=628bd42a721c4a57b7ffaade43851fae&units=M,184,0,0
1773153890945,184,HTTP Request,200,OK,Ramp-up Load 1-1,text,true,,1219,225,1,1,https://api.weatherbit.io/v2.0/current?city=London&country=GB&key=628bd42a721c4a57b7ffaade43851fae&units=M,184,0,0
1773153891945,181,HTTP Request,200,OK,Ramp-up Load 1-1,text,true,,1213,227,1,1,https://api.weatherbit.io/v2.0/current?city=New+York&country=US&key=628bd42a721c4a57b7ffaade43851fae&units=M,181,0,0
1773153892945,181,HTTP Request,200,OK,Ramp-up Load 1-1,text,true,,1181,224,1,1,https://api.weatherbit.io/v2.0/current?city=Tokyo&country=JP&key=628bd42a721c4a57b7ffaade43851fae&units=M,180,0,0
1773153893944,184,HTTP Request,200,OK,Ramp-up Load 1-1,text,true,,1209,224,1,1,https://api.weatherbit.io/v2.0/current?city=Paris&country=FR&key=628bd42a721c4a57b7ffaade43851fae&units=M,184,0,0
1773153894946,182,HTTP Request,200,OK,Ramp-up Load 1-1,text,true,,1194,224,1,1,https://api.weatherbit.io/v2.0/current?city=Dubai&country=AE&key=628bd42a721c4a57b7ffaade43851fae&units=M,182,0,0
1773153895943,181,HTTP Request,200,OK,Ramp-up Load 1-1,text,true,,1196,228,1,1,https://api.weatherbit.io/v2.0/current?city=Singapore&country=SG&key=628bd42a721c4a57b7ffaade43851fae&units=M,180,0,0
1773153896945,180,HTTP Request,200,OK,Ramp-up Load 1-1,text,true,,1212,230,1,1,https://api.weatherbit.io/v2.0/current?city=Los+Angeles&country=US&key=628bd42a721c4a57b7ffaade43851fae&units=M,180,0,0
1773153897945,179,HTTP Request,200,OK,Ramp-up Load 1-1,text,true,,1198,225,1,1,https://api.weatherbit.io/v2.0/current?city=Sydney&country=AU&key=628bd42a721c4a57b7ffaade43851fae&units=M,179,0,0
1773153898941,181,HTTP Request,200,OK,Ramp-up Load 1-1,text,true,,1215,225,1,1,https://api.weatherbit.io/v2.0/current?city=London&country=GB&key=628bd42a721c4a57b7ffaade43851fae&units=M,181,0,0
1773153899946,185,HTTP Request,200,OK,Ramp-up Load 1-1,text,true,,1217,227,1,1,https://api.weatherbit.io/v2.0/current?city=New+York&country=US&key=628bd42a721c4a57b7ffaade43851fae&units=M,185,0,0
1773153900946,182,HTTP Request,200,OK,Ramp-up Load 1-1,text,true,,1185,224,1,1,https://api.weatherbit.io/v2.0/current?city=Tokyo&country=JP&key=628bd42a721c4a57b7ffaade43851fae&units=M,182,0,0
1773153901943,180,HTTP Request,200,OK,Ramp-up Load 1-1,text,true,,1205,224,1,1,https://api.weatherbit.io/v2.0/current?city=Paris&country=FR&key=628bd42a721c4a57b7ffaade43851fae&units=M,180,0,0
1773153902945,558,HTTP Request,200,OK,Ramp-up Load 1-1,text,true,,1198,224,1,1,https://api.weatherbit.io/v2.0/current?city=Dubai&country=AE&key=628bd42a721c4a57b7ffaade43851fae&units=M,558,0,379
1773153903942,181,HTTP Request,200,OK,Ramp-up Load 1-1,text,true,,1196,228,1,1,https://api.weatherbit.io/v2.0/current?city=Singapore&country=SG&key=628bd42a721c4a57b7ffaade43851fae&units=M,180,0,0
1773153904945,183,HTTP Request,200,OK,Ramp-up Load 1-1,text,true,,1212,230,1,1,https://api.weatherbit.io/v2.0/current?city=Los+Angeles&country=US&key=628bd42a721c4a57b7ffaade43851fae&units=M,182,0,0
1773153905946,229,HTTP Request,200,OK,Ramp-up Load 1-1,text,true,,1194,225,1,1,https://api.weatherbit.io/v2.0/current?city=Sydney&country=AU&key=628bd42a721c4a57b7ffaade43851fae&units=M,229,0,0
1773153906946,184,HTTP Request,200,OK,Ramp-up Load 1-1,text,true,,1219,225,1,1,https://api.weatherbit.io/v2.0/current?city=London&country=GB&key=628bd42a721c4a57b7ffaade43851fae&units=M,184,0,0
1773153907943,180,HTTP Request,200,OK,Ramp-up Load 1-1,text,true,,1213,227,1,1,https://api.weatherbit.io/v2.0/current?city=New+York&country=US&key=628bd42a721c4a57b7ffaade43851fae&units=M,180,0,0
1773153908946,179,HTTP Request,200,OK,Ramp-up Load 1-1,text,true,,1185,224,1,1,https://api.weatherbit.io/v2.0/current?city=Tokyo&country=JP&key=628bd42a721c4a57b7ffaade43851fae&units=M,179,0,0
1773153909943,190,HTTP Request,200,OK,Ramp-up Load 1-1,text,true,,1209,224,1,1,https://api.weatherbit.io/v2.0/current?city=Paris&country=FR&key=628bd42a721c4a57b7ffaade43851fae&units=M,190,0,0
1773153910945,179,HTTP Request,200,OK,Ramp-up Load 1-1,text,true,,1198,224,1,1,https://api.weatherbit.io/v2.0/current?city=Dubai&country=AE&key=628bd42a721c4a57b7ffaade43851fae&units=M,178,0,0
1773153911944,178,HTTP Request,200,OK,Ramp-up Load 1-1,text,true,,1196,228,1,1,https://api.weatherbit.io/v2.0/current?city=Singapore&country=SG&key=628bd42a721c4a57b7ffaade43851fae&units=M,178,0,0
1773153912942,185,HTTP Request,200,OK,Ramp-up Load 1-1,text,true,,1212,230,1,1,https://api.weatherbit.io/v2.0/current?city=Los+Angeles&country=US&key=628bd42a721c4a57b7ffaade43851fae&units=M,185,0,0
1773153913946,180,HTTP Request,200,OK,Ramp-up Load 1-1,text,true,,1198,225,1,1,https://api.weatherbit.io/v2.0/current?city=Sydney&country=AU&key=628bd42a721c4a57b7ffaade43851fae&units=M,180,0,0
1773153914942,184,HTTP Request,200,OK,Ramp-up Load 1-1,text,true,,1219,225,1,1,https://api.weatherbit.io/v2.0/current?city=London&country=GB&key=628bd42a721c4a57b7ffaade43851fae&units=M,184,0,0
1773153915946,183,HTTP Request,200,OK,Ramp-up Load 1-1,text,true,,1217,227,1,1,https://api.weatherbit.io/v2.0/current?city=New+York&country=US&key=628bd42a721c4a57b7ffaade43851fae&units=M,182,0,0
1773153916947,184,HTTP Request,200,OK,Ramp-up Load 1-1,text,true,,1185,224,1,1,https://api.weatherbit.io/v2.0/current?city=Tokyo&country=JP&key=628bd42a721c4a57b7ffaade43851fae&units=M,184,0,0
1773153917943,181,HTTP Request,200,OK,Ramp-up Load 1-1,text,true,,1205,224,1,1,https://api.weatherbit.io/v2.0/current?city=Paris&country=FR&key=628bd42a721c4a57b7ffaade43851fae&units=M,181,0,0
1773153918941,183,HTTP Request,200,OK,Ramp-up Load 1-1,text,true,,1198,224,1,1,https://api.weatherbit.io/v2.0/current?city=Dubai&country=AE&key=628bd42a721c4a57b7ffaade43851fae&units=M,183,0,0
1773153919943,183,HTTP Request,200,OK,Ramp-up Load 1-1,text,true,,1196,228,1,1,https://api.weatherbit.io/v2.0/current?city=Singapore&country=SG&key=628bd42a721c4a57b7ffaade43851fae&units=M,183,0,0
1773153920942,176,HTTP Request,200,OK,Ramp-up Load 1-1,text,true,,1208,230,1,1,https://api.weatherbit.io/v2.0/current?city=Los+Angeles&country=US&key=628bd42a721c4a57b7ffaade43851fae&units=M,176,0,0
1773153921945,180,HTTP Request,200,OK,Ramp-up Load 1-1,text,true,,1198,225,1,1,https://api.weatherbit.io/v2.0/current?city=Sydney&country=AU&key=628bd42a721c4a57b7ffaade43851fae&units=M,180,0,0
1773153922942,182,HTTP Request,200,OK,Ramp-up Load 1-1,text,true,,1219,225,1,1,https://api.weatherbit.io/v2.0/current?city=London&country=GB&key=628bd42a721c4a57b7ffaade43851fae&units=M,182,0,0
1773153923945,177,HTTP Request,200,OK,Ramp-up Load 1-1,text,true,,1213,227,1,1,https://api.weatherbit.io/v2.0/current?city=New+York&country=US&key=628bd42a721c4a57b7ffaade43851fae&units=M,176,0,0
1773153924946,182,HTTP Request,200,OK,Ramp-up Load 1-1,text,true,,1185,224,1,1,https://api.weatherbit.io/v2.0/current?city=Tokyo&country=JP&key=628bd42a721c4a57b7ffaade43851fae&units=M,182,0,0
1773153925943,181,HTTP Request,200,OK,Ramp-up Load 1-1,text,true,,1209,224,1,1,https://api.weatherbit.io/v2.0/current?city=Paris&country=FR&key=628bd42a721c4a57b7ffaade43851fae&units=M,181,0,0
1773153926946,220,HTTP Request,200,OK,Ramp-up Load 1-1,text,true,,1198,224,1,1,https://api.weatherbit.io/v2.0/current?city=Dubai&country=AE&key=628bd42a721c4a57b7ffaade43851fae&units=M,219,0,0
1773153927946,180,HTTP Request,200,OK,Ramp-up Load 1-1,text,true,,1196,228,1,1,https://api.weatherbit.io/v2.0/current?city=Singapore&country=SG&key=628bd42a721c4a57b7ffaade43851fae&units=M,180,0,0
1773153928946,183,HTTP Request,200,OK,Ramp-up Load 1-1,text,true,,1212,230,1,1,https://api.weatherbit.io/v2.0/current?city=Los+Angeles&country=US&key=628bd42a721c4a57b7ffaade43851fae&units=M,183,0,0
1773153929945,182,HTTP Request,200,OK,Ramp-up Load 1-1,text,true,,1198,225,1,1,https://api.weatherbit.io/v2.0/current?city=Sydney&country=AU&key=628bd42a721c4a57b7ffaade43851fae&units=M,182,0,0
1773153930943,182,HTTP Request,200,OK,Ramp-up Load 1-1,text,true,,1219,225,1,1,https://api.weatherbit.io/v2.0/current?city=London&country=GB&key=628bd42a721c4a57b7ffaade43851fae&units=M,181,0,0
1773153931941,184,HTTP Request,200,OK,Ramp-up Load 1-1,text,true,,1217,227,1,1,https://api.weatherbit.io/v2.0/current?city=New+York&country=US&key=628bd42a721c4a57b7ffaade43851fae&units=M,184,0,0
1773153932942,180,HTTP Request,200,OK,Ramp-up Load 1-1,text,true,,1181,224,1,1,https://api.weatherbit.io/v2.0/current?city=Tokyo&country=JP&key=628bd42a721c4a57b7ffaade43851fae&units=M,180,0,0
1773153933943,186,HTTP Request,200,OK,Ramp-up Load 1-1,text,true,,1209,224,1,1,https://api.weatherbit.io/v2.0/current?city=Paris&country=FR&key=628bd42a721c4a57b7ffaade43851fae&units=M,186,0,0
1773153934946,180,HTTP Request,200,OK,Ramp-up Load 1-1,text,true,,1194,224,1,1,https://api.weatherbit.io/v2.0/current?city=Dubai&country=AE&key=628bd42a721c4a57b7ffaade43851fae&units=M,180,0,0
1773153935943,185,HTTP Request,200,OK,Ramp-up Load 1-1,text,true,,1196,228,1,1,https://api.weatherbit.io/v2.0/current?city=Singapore&country=SG&key=628bd42a721c4a57b7ffaade43851fae&units=M,185,0,0
1773153936946,183,HTTP Request,200,OK,Ramp-up Load 1-1,text,true,,1212,230,1,1,https://api.weatherbit.io/v2.0/current?city=Los+Angeles&country=US&key=628bd42a721c4a57b7ffaade43851fae&units=M,182,0,0
1773153937941,181,HTTP Request,200,OK,Ramp-up Load 1-1,text,true,,1198,225,1,1,https://api.weatherbit.io/v2.0/current?city=Sydney&country=AU&key=628bd42a721c4a57b7ffaade43851fae&units=M,181,0,0
1773153938945,177,HTTP Request,200,OK,Ramp-up Load 1-1,text,true,,1215,225,1,1,https://api.weatherbit.io/v2.0/current?city=London&country=GB&key=628bd42a721c4a57b7ffaade43851fae&units=M,177,0,0
1773153939944,181,HTTP Request,200,OK,Ramp-up Load 1-1,text,true,,1213,227,1,1,https://api.weatherbit.io/v2.0/current?city=New+York&country=US&key=628bd42a721c4a57b7ffaade43851fae&units=M,181,0,0
1773153940946,183,HTTP Request,200,OK,Ramp-up Load 1-1,text,true,,1185,224,1,1,https://api.weatherbit.io/v2.0/current?city=Tokyo&country=JP&key=628bd42a721c4a57b7ffaade43851fae&units=M,183,0,0
1773153941945,180,HTTP Request,200,OK,Ramp-up Load 1-1,text,true,,1209,224,1,1,https://api.weatherbit.io/v2.0/current?city=Paris&country=FR&key=628bd42a721c4a57b7ffaade43851fae&units=M,180,0,0
1773153942946,184,HTTP Request,200,OK,Ramp-up Load 1-1,text,true,,1198,224,1,1,https://api.weatherbit.io/v2.0/current?city=Dubai&country=AE&key=628bd42a721c4a57b7ffaade43851fae&units=M,184,0,0
1773153943942,186,HTTP Request,200,OK,Ramp-up Load 1-1,text,true,,1196,228,1,1,https://api.weatherbit.io/v2.0/current?city=Singapore&country=SG&key=628bd42a721c4a57b7ffaade43851fae&units=M,186,0,0
1773153944944,180,HTTP Request,200,OK,Ramp-up Load 1-1,text,true,,1208,230,1,1,https://api.weatherbit.io/v2.0/current?city=Los+Angeles&country=US&key=628bd42a721c4a57b7ffaade43851fae&units=M,180,0,0
1773153945940,180,HTTP Request,200,OK,Ramp-up Load 1-1,text,true,,1194,225,1,1,https://api.weatherbit.io/v2.0/current?city=Sydney&country=AU&key=628bd42a721c4a57b7ffaade43851fae&units=M,180,0,0
1773153946947,187,HTTP Request,200,OK,Ramp-up Load 1-1,text,true,,1219,225,1,1,https://api.weatherbit.io/v2.0/current?city=London&country=GB&key=628bd42a721c4a57b7ffaade43851fae&units=M,187,0,0
1773153947941,179,HTTP Request,200,OK,Ramp-up Load 1-1,text,true,,1217,227,1,1,https://api.weatherbit.io/v2.0/current?city=New+York&country=US&key=628bd42a721c4a57b7ffaade43851fae&units=M,179,0,0
1773153948944,183,HTTP Request,200,OK,Ramp-up Load 1-1,text,true,,1185,224,1,1,https://api.weatherbit.io/v2.0/current?city=Tokyo&country=JP&key=628bd42a721c4a57b7ffaade43851fae&units=M,183,0,0
1773153949945,184,HTTP Request,200,OK,Ramp-up Load 1-1,text,true,,1209,224,1,1,https://api.weatherbit.io/v2.0/current?city=Paris&country=FR&key=628bd42a721c4a57b7ffaade43851fae&units=M,183,0,0
1773153950942,179,HTTP Request,200,OK,Ramp-up Load 1-1,text,true,,1194,224,1,1,https://api.weatherbit.io/v2.0/current?city=Dubai&country=AE&key=628bd42a721c4a57b7ffaade43851fae&units=M,179,0,0
1773153951943,180,HTTP Request,200,OK,Ramp-up Load 1-1,text,true,,1192,228,1,1,https://api.weatherbit.io/v2.0/current?city=Singapore&country=SG&key=628bd42a721c4a57b7ffaade43851fae&units=M,180,0,0
1773153952947,183,HTTP Request,200,OK,Ramp-up Load 1-1,text,true,,1212,230,1,1,https://api.weatherbit.io/v2.0/current?city=Los+Angeles&country=US&key=628bd42a721c4a57b7ffaade43851fae&units=M,183,0,0
1773153953944,178,HTTP Request,200,OK,Ramp-up Load 1-1,text,true,,1198,225,1,1,https://api.weatherbit.io/v2.0/current?city=Sydney&country=AU&key=628bd42a721c4a57b7ffaade43851fae&units=M,178,0,0
1773153954945,185,HTTP Request,200,OK,Ramp-up Load 1-1,text,true,,1219,225,1,1,https://api.weatherbit.io/v2.0/current?city=London&country=GB&key=628bd42a721c4a57b7ffaade43851fae&units=M,185,0,0
1773153955946,182,HTTP Request,200,OK,Ramp-up Load 1-1,text,true,,1213,227,1,1,https://api.weatherbit.io/v2.0/current?city=New+York&country=US&key=628bd42a721c4a57b7ffaade43851fae&units=M,181,0,0
1773153956947,181,HTTP Request,200,OK,Ramp-up Load 1-1,text,true,,1181,224,1,1,https://api.weatherbit.io/v2.0/current?city=Tokyo&country=JP&key=628bd42a721c4a57b7ffaade43851fae&units=M,180,0,0
1773153957944,180,HTTP Request,200,OK,Ramp-up Load 1-1,text,true,,1205,224,1,1,https://api.weatherbit.io/v2.0/current?city=Paris&country=FR&key=628bd42a721c4a57b7ffaade43851fae&units=M,180,0,0
1773153958944,179,HTTP Request,200,OK,Ramp-up Load 1-1,text,true,,1198,224,1,1,https://api.weatherbit.io/v2.0/current?city=Dubai&country=AE&key=628bd42a721c4a57b7ffaade43851fae&units=M,179,0,0
1773153959944,180,HTTP Request,200,OK,Ramp-up Load 1-1,text,true,,1196,228,1,1,https://api.weatherbit.io/v2.0/current?city=Singapore&country=SG&key=628bd42a721c4a57b7ffaade43851fae&units=M,180,0,0
1773153960943,179,HTTP Request,200,OK,Ramp-up Load 1-1,text,true,,1208,230,1,1,https://api.weatherbit.io/v2.0/current?city=Los+Angeles&country=US&key=628bd42a721c4a57b7ffaade43851fae&units=M,179,0,0
1773153961944,183,HTTP Request,200,OK,Ramp-up Load 1-1,text,true,,1198,225,1,1,https://api.weatherbit.io/v2.0/current?city=Sydney&country=AU&key=628bd42a721c4a57b7ffaade43851fae&units=M,183,0,0
1773153962944,180,HTTP Request,200,OK,Ramp-up Load 1-1,text,true,,1219,225,1,1,https://api.weatherbit.io/v2.0/current?city=London&country=GB&key=628bd42a721c4a57b7ffaade43851fae&units=M,180,0,0
1773153963941,559,HTTP Request,200,OK,Ramp-up Load 1-1,text,true,,1217,227,1,1,https://api.weatherbit.io/v2.0/current?city=New+York&country=US&key=628bd42a721c4a57b7ffaade43851fae&units=M,559,0,376
1773153964945,193,HTTP Request,200,OK,Ramp-up Load 1-1,text,true,,1185,224,1,1,https://api.weatherbit.io/v2.0/current?city=Tokyo&country=JP&key=628bd42a721c4a57b7ffaade43851fae&units=M,193,0,0
1773153965945,185,HTTP Request,200,OK,Ramp-up Load 1-1,text,true,,1209,224,1,1,https://api.weatherbit.io/v2.0/current?city=Paris&country=FR&key=628bd42a721c4a57b7ffaade43851fae&units=M,184,0,0
1773153966941,184,HTTP Request,200,OK,Ramp-up Load 1-1,text,true,,1194,224,1,1,https://api.weatherbit.io/v2.0/current?city=Dubai&country=AE&key=628bd42a721c4a57b7ffaade43851fae&units=M,184,0,0
1773153967942,184,HTTP Request,200,OK,Ramp-up Load 1-1,text,true,,1196,228,1,1,https://api.weatherbit.io/v2.0/current?city=Singapore&country=SG&key=628bd42a721c4a57b7ffaade43851fae&units=M,184,0,0
1773153968946,184,HTTP Request,200,OK,Ramp-up Load 1-1,text,true,,1212,230,1,1,https://api.weatherbit.io/v2.0/current?city=Los+Angeles&country=US&key=628bd42a721c4a57b7ffaade43851fae&units=M,184,0,0
1773153969944,188,HTTP Request,200,OK,Ramp-up Load 1-1,text,true,,1198,225,1,1,https://api.weatherbit.io/v2.0/current?city=Sydney&country=AU&key=628bd42a721c4a57b7ffaade43851fae&units=M,188,0,0
1773153970944,187,HTTP Request,200,OK,Ramp-up Load 1-1,text,true,,1219,225,1,1,https://api.weatherbit.io/v2.0/current?city=London&country=GB&key=628bd42a721c4a57b7ffaade43851fae&units=M,187,0,0
1773153971945,188,HTTP Request,200,OK,Ramp-up Load 1-1,text,true,,1217,227,1,1,https://api.weatherbit.io/v2.0/current?city=New+York&country=US&key=628bd42a721c4a57b7ffaade43851fae&units=M,187,0,0
1773153972945,179,HTTP Request,200,OK,Ramp-up Load 1-1,text,true,,1181,224,1,1,https://api.weatherbit.io/v2.0/current?city=Tokyo&country=JP&key=628bd42a721c4a57b7ffaade43851fae&units=M,179,0,0
1773153973942,181,HTTP Request,200,OK,Ramp-up Load 1-1,text,true,,1205,224,1,1,https://api.weatherbit.io/v2.0/current?city=Paris&country=FR&key=628bd42a721c4a57b7ffaade43851fae&units=M,181,0,0
1773153974946,182,HTTP Request,200,OK,Ramp-up Load 1-1,text,true,,1198,224,1,1,https://api.weatherbit.io/v2.0/current?city=Dubai&country=AE&key=628bd42a721c4a57b7ffaade43851fae&units=M,182,0,0
1773153975946,182,HTTP Request,200,OK,Ramp-up Load 1-1,text,true,,1196,228,1,1,https://api.weatherbit.io/v2.0/current?city=Singapore&country=SG&key=628bd42a721c4a57b7ffaade43851fae&units=M,182,0,0
1773153976942,178,HTTP Request,200,OK,Ramp-up Load 1-1,text,true,,1208,230,1,1,https://api.weatherbit.io/v2.0/current?city=Los+Angeles&country=US&key=628bd42a721c4a57b7ffaade43851fae&units=M,178,0,0
1773153977945,180,HTTP Request,200,OK,Ramp-up Load 1-1,text,true,,1194,225,1,1,https://api.weatherbit.io/v2.0/current?city=Sydney&country=AU&key=628bd42a721c4a57b7ffaade43851fae&units=M,180,0,0
1773153978944,182,HTTP Request,200,OK,Ramp-up Load 1-1,text,true,,1219,225,1,1,https://api.weatherbit.io/v2.0/current?city=London&country=GB&key=628bd42a721c4a57b7ffaade43851fae&units=M,182,0,0
1773153979943,184,HTTP Request,200,OK,Ramp-up Load 1-1,text,true,,1213,227,1,1,https://api.weatherbit.io/v2.0/current?city=New+York&country=US&key=628bd42a721c4a57b7ffaade43851fae&units=M,184,0,0
1773153980946,186,HTTP Request,200,OK,Ramp-up Load 1-1,text,true,,1185,224,1,1,https://api.weatherbit.io/v2.0/current?city=Tokyo&country=JP&key=628bd42a721c4a57b7ffaade43851fae&units=M,186,0,0
1773153981941,184,HTTP Request,200,OK,Ramp-up Load 1-1,text,true,,1209,224,1,1,https://api.weatherbit.io/v2.0/current?city=Paris&country=FR&key=628bd42a721c4a57b7ffaade43851fae&units=M,184,0,0
1773153982945,187,HTTP Request,200,OK,Ramp-up Load 1-1,text,true,,1198,224,1,1,https://api.weatherbit.io/v2.0/current?city=Dubai&country=AE&key=628bd42a721c4a57b7ffaade43851fae&units=M,187,0,0
1773153983946,179,HTTP Request,200,OK,Ramp-up Load 1-1,text,true,,1192,228,1,1,https://api.weatherbit.io/v2.0/current?city=Singapore&country=SG&key=628bd42a721c4a57b7ffaade43851fae&units=M,179,0,0
1773153984941,182,HTTP Request,200,OK,Ramp-up Load 1-1,text,true,,1212,230,1,1,https://api.weatherbit.io/v2.0/current?city=Los+Angeles&country=US&key=628bd42a721c4a57b7ffaade43851fae&units=M,182,0,0
1773153985946,189,HTTP Request,200,OK,Ramp-up Load 1-1,text,true,,1198,225,1,1,https://api.weatherbit.io/v2.0/current?city=Sydney&country=AU&key=628bd42a721c4a57b7ffaade43851fae&units=M,189,0,0
1773153986944,189,HTTP Request,200,OK,Ramp-up Load 1-1,text,true,,1219,225,1,1,https://api.weatherbit.io/v2.0/current?city=London&country=GB&key=628bd42a721c4a57b7ffaade43851fae&units=M,189,0,0
1773153987946,184,HTTP Request,200,OK,Ramp-up Load 1-1,text,true,,1217,227,1,1,https://api.weatherbit.io/v2.0/current?city=New+York&country=US&key=628bd42a721c4a57b7ffaade43851fae&units=M,184,0,0
1773153988944,180,HTTP Request,200,OK,Ramp-up Load 1-1,text,true,,1181,224,1,1,https://api.weatherbit.io/v2.0/current?city=Tokyo&country=JP&key=628bd42a721c4a57b7ffaade43851fae&units=M,180,0,0
1773153989946,188,HTTP Request,200,OK,Ramp-up Load 1-1,text,true,,1209,224,1,1,https://api.weatherbit.io/v2.0/current?city=Paris&country=FR&key=628bd42a721c4a57b7ffaade43851fae&units=M,187,0,0
1773153990940,188,HTTP Request,200,OK,Ramp-up Load 1-1,text,true,,1198,224,1,1,https://api.weatherbit.io/v2.0/current?city=Dubai&country=AE&key=628bd42a721c4a57b7ffaade43851fae&units=M,188,0,0
1773153991946,188,HTTP Request,200,OK,Ramp-up Load 1-1,text,true,,1196,228,1,1,https://api.weatherbit.io/v2.0/current?city=Singapore&country=SG&key=628bd42a721c4a57b7ffaade43851fae&units=M,188,0,0
1773153992942,188,HTTP Request,200,OK,Ramp-up Load 1-1,text,true,,1212,230,1,1,https://api.weatherbit.io/v2.0/current?city=Los+Angeles&country=US&key=628bd42a721c4a57b7ffaade43851fae&units=M,188,0,0
1773153993941,184,HTTP Request,200,OK,Ramp-up Load 1-1,text,true,,1194,225,1,1,https://api.weatherbit.io/v2.0/current?city=Sydney&country=AU&key=628bd42a721c4a57b7ffaade43851fae&units=M,184,0,0
1773153994944,180,HTTP Request,200,OK,Ramp-up Load 1-1,text,true,,1215,225,1,1,https://api.weatherbit.io/v2.0/current?city=London&country=GB&key=628bd42a721c4a57b7ffaade43851fae&units=M,180,0,0
1773153995943,184,HTTP Request,200,OK,Ramp-up Load 1-1,text,true,,1213,227,1,1,https://api.weatherbit.io/v2.0/current?city=New+York&country=US&key=628bd42a721c4a57b7ffaade43851fae&units=M,184,0,0
1773153996942,189,HTTP Request,200,OK,Ramp-up Load 1-1,text,true,,1185,224,1,1,https://api.weatherbit.io/v2.0/current?city=Tokyo&country=JP&key=628bd42a721c4a57b7ffaade43851fae&units=M,189,0,0
1773153997944,185,HTTP Request,200,OK,Ramp-up Load 1-1,text,true,,1205,224,1,1,https://api.weatherbit.io/v2.0/current?city=Paris&country=FR&key=628bd42a721c4a57b7ffaade43851fae&units=M,185,0,0
1773153998946,179,HTTP Request,200,OK,Ramp-up Load 1-1,text,true,,1194,224,1,1,https://api.weatherbit.io/v2.0/current?city=Dubai&country=AE&key=628bd42a721c4a57b7ffaade43851fae&units=M,179,0,0
1773153999944,180,HTTP Request,200,OK,Ramp-up Load 1-1,text,true,,1192,228,1,1,https://api.weatherbit.io/v2.0/current?city=Singapore&country=SG&key=628bd42a721c4a57b7ffaade43851fae&units=M,180,0,0
1773154000943,188,HTTP Request,200,OK,Ramp-up Load 1-1,text,true,,1212,230,1,1,https://api.weatherbit.io/v2.0/current?city=Los+Angeles&country=US&key=628bd42a721c4a57b7ffaade43851fae&units=M,188,0,0
1773154001945,186,HTTP Request,200,OK,Ramp-up Load 1-1,text,true,,1198,225,1,1,https://api.weatherbit.io/v2.0/current?city=Sydney&country=AU&key=628bd42a721c4a57b7ffaade43851fae&units=M,186,0,0
1773154002941,187,HTTP Request,200,OK,Ramp-up Load 1-1,text,true,,1219,225,1,1,https://api.weatherbit.io/v2.0/current?city=London&country=GB&key=628bd42a721c4a57b7ffaade43851fae&units=M,186,0,0
1773154003942,186,HTTP Request,200,OK,Ramp-up Load 1-1,text,true,,1217,227,1,1,https://api.weatherbit.io/v2.0/current?city=New+York&country=US&key=628bd42a721c4a57b7ffaade43851fae&units=M,186,0,0
1773154004944,187,HTTP Request,200,OK,Ramp-up Load 1-1,text,true,,1185,224,1,1,https://api.weatherbit.io/v2.0/current?city=Tokyo&country=JP&key=628bd42a721c4a57b7ffaade43851fae&units=M,187,0,0
1773154005942,187,HTTP Request,200,OK,Ramp-up Load 1-1,text,true,,1209,224,1,1,https://api.weatherbit.io/v2.0/current?city=Paris&country=FR&key=628bd42a721c4a57b7ffaade43851fae&units=M,187,0,0
1773154006942,187,HTTP Request,200,OK,Ramp-up Load 1-1,text,true,,1198,224,1,1,https://api.weatherbit.io/v2.0/current?city=Dubai&country=AE&key=628bd42a721c4a57b7ffaade43851fae&units=M,187,0,0
1773154007942,183,HTTP Request,200,OK,Ramp-up Load 1-1,text,true,,1196,228,1,1,https://api.weatherbit.io/v2.0/current?city=Singapore&country=SG&key=628bd42a721c4a57b7ffaade43851fae&units=M,183,0,0
1773154008942,182,HTTP Request,200,OK,Ramp-up Load 1-1,text,true,,1212,230,1,1,https://api.weatherbit.io/v2.0/current?city=Los+Angeles&country=US&key=628bd42a721c4a57b7ffaade43851fae&units=M,182,0,0
1773154009945,188,HTTP Request,200,OK,Ramp-up Load 1-1,text,true,,1198,225,1,1,https://api.weatherbit.io/v2.0/current?city=Sydney&country=AU&key=628bd42a721c4a57b7ffaade43851fae&units=M,188,0,0
1773154010945,180,HTTP Request,200,OK,Ramp-up Load 1-1,text,true,,1215,225,1,1,https://api.weatherbit.io/v2.0/current?city=London&country=GB&key=628bd42a721c4a57b7ffaade43851fae&units=M,180,0,0
1773154011944,179,HTTP Request,200,OK,Ramp-up Load 1-1,text,true,,1213,227,1,1,https://api.weatherbit.io/v2.0/current?city=New+York&country=US&key=628bd42a721c4a57b7ffaade43851fae&units=M,179,0,0
1773154012947,188,HTTP Request,200,OK,Ramp-up Load 1-1,text,true,,1185,224,1,1,https://api.weatherbit.io/v2.0/current?city=Tokyo&country=JP&key=628bd42a721c4a57b7ffaade43851fae&units=M,188,0,0
1773154013946,180,HTTP Request,200,OK,Ramp-up Load 1-1,text,true,,1205,224,1,1,https://api.weatherbit.io/v2.0/current?city=Paris&country=FR&key=628bd42a721c4a57b7ffaade43851fae&units=M,180,0,0
1773154014946,181,HTTP Request,200,OK,Ramp-up Load 1-1,text,true,,1194,224,1,1,https://api.weatherbit.io/v2.0/current?city=Dubai&country=AE&key=628bd42a721c4a57b7ffaade43851fae&units=M,181,0,0
1773154015946,180,HTTP Request,200,OK,Ramp-up Load 1-1,text,true,,1192,228,1,1,https://api.weatherbit.io/v2.0/current?city=Singapore&country=SG&key=628bd42a721c4a57b7ffaade43851fae&units=M,180,0,0
1773154016942,183,HTTP Request,200,OK,Ramp-up Load 1-1,text,true,,1208,230,1,1,https://api.weatherbit.io/v2.0/current?city=Los+Angeles&country=US&key=628bd42a721c4a57b7ffaade43851fae&units=M,182,0,0
1773154017945,184,HTTP Request,200,OK,Ramp-up Load 1-1,text,true,,1194,225,1,1,https://api.weatherbit.io/v2.0/current?city=Sydney&country=AU&key=628bd42a721c4a57b7ffaade43851fae&units=M,184,0,0
1773154018945,183,HTTP Request,200,OK,Ramp-up Load 1-1,text,true,,1219,225,1,1,https://api.weatherbit.io/v2.0/current?city=London&country=GB&key=628bd42a721c4a57b7ffaade43851fae&units=M,182,0,0
1773154019942,190,HTTP Request,200,OK,Ramp-up Load 1-1,text,true,,1217,227,1,1,https://api.weatherbit.io/v2.0/current?city=New+York&country=US&key=628bd42a721c4a57b7ffaade43851fae&units=M,190,0,0
1773154020942,181,HTTP Request,200,OK,Ramp-up Load 1-1,text,true,,1185,224,1,1,https://api.weatherbit.io/v2.0/current?city=Tokyo&country=JP&key=628bd42a721c4a57b7ffaade43851fae&units=M,181,0,0
1773154021941,184,HTTP Request,200,OK,Ramp-up Load 1-1,text,true,,1209,224,1,1,https://api.weatherbit.io/v2.0/current?city=Paris&country=FR&key=628bd42a721c4a57b7ffaade43851fae&units=M,183,0,0
1773154022942,186,HTTP Request,200,OK,Ramp-up Load 1-1,text,true,,1198,224,1,1,https://api.weatherbit.io/v2.0/current?city=Dubai&country=AE&key=628bd42a721c4a57b7ffaade43851fae&units=M,186,0,0
1773154023940,189,HTTP Request,200,OK,Ramp-up Load 1-1,text,true,,1196,228,1,1,https://api.weatherbit.io/v2.0/current?city=Singapore&country=SG&key=628bd42a721c4a57b7ffaade43851fae&units=M,189,0,0
1773154024945,539,HTTP Request,200,OK,Ramp-up Load 1-1,text,true,,1212,230,1,1,https://api.weatherbit.io/v2.0/current?city=Los+Angeles&country=US&key=628bd42a721c4a57b7ffaade43851fae&units=M,539,0,364
1773154025945,183,HTTP Request,200,OK,Ramp-up Load 1-1,text,true,,1198,225,1,1,https://api.weatherbit.io/v2.0/current?city=Sydney&country=AU&key=628bd42a721c4a57b7ffaade43851fae&units=M,182,0,0
1773154026942,173,HTTP Request,200,OK,Ramp-up Load 1-1,text,true,,1215,225,1,1,https://api.weatherbit.io/v2.0/current?city=London&country=GB&key=628bd42a721c4a57b7ffaade43851fae&units=M,173,0,0
1773154027946,178,HTTP Request,200,OK,Ramp-up Load 1-1,text,true,,1213,227,1,1,https://api.weatherbit.io/v2.0/current?city=New+York&country=US&key=628bd42a721c4a57b7ffaade43851fae&units=M,178,0,0
1773154028941,178,HTTP Request,200,OK,Ramp-up Load 1-1,text,true,,1185,224,1,1,https://api.weatherbit.io/v2.0/current?city=Tokyo&country=JP&key=628bd42a721c4a57b7ffaade43851fae&units=M,178,0,0
1773154029946,178,HTTP Request,200,OK,Ramp-up Load 1-1,text,true,,1205,224,1,1,https://api.weatherbit.io/v2.0/current?city=Paris&country=FR&key=628bd42a721c4a57b7ffaade43851fae&units=M,178,0,0
1773154030946,178,HTTP Request,200,OK,Ramp-up Load 1-1,text,true,,1198,224,1,1,https://api.weatherbit.io/v2.0/current?city=Dubai&country=AE&key=628bd42a721c4a57b7ffaade43851fae&units=M,178,0,0
1773154031947,179,HTTP Request,200,OK,Ramp-up Load 1-1,text,true,,1196,228,1,1,https://api.weatherbit.io/v2.0/current?city=Singapore&country=SG&key=628bd42a721c4a57b7ffaade43851fae&units=M,179,0,0
1773154032943,173,HTTP Request,200,OK,Ramp-up Load 1-1,text,true,,1208,230,1,1,https://api.weatherbit.io/v2.0/current?city=Los+Angeles&country=US&key=628bd42a721c4a57b7ffaade43851fae&units=M,173,0,0
1773154033942,173,HTTP Request,200,OK,Ramp-up Load 1-1,text,true,,1194,225,1,1,https://api.weatherbit.io/v2.0/current?city=Sydney&country=AU&key=628bd42a721c4a57b7ffaade43851fae&units=M,173,0,0
1773154034945,175,HTTP Request,200,OK,Ramp-up Load 1-1,text,true,,1219,225,1,1,https://api.weatherbit.io/v2.0/current?city=London&country=GB&key=628bd42a721c4a57b7ffaade43851fae&units=M,175,0,0
1773154035943,179,HTTP Request,200,OK,Ramp-up Load 1-1,text,true,,1217,227,1,1,https://api.weatherbit.io/v2.0/current?city=New+York&country=US&key=628bd42a721c4a57b7ffaade43851fae&units=M,179,0,0
1773154036944,183,HTTP Request,200,OK,Ramp-up Load 1-1,text,true,,1185,224,1,1,https://api.weatherbit.io/v2.0/current?city=Tokyo&country=JP&key=628bd42a721c4a57b7ffaade43851fae&units=M,183,0,0
1773154037945,181,HTTP Request,200,OK,Ramp-up Load 1-1,text,true,,1209,224,1,1,https://api.weatherbit.io/v2.0/current?city=Paris&country=FR&key=628bd42a721c4a57b7ffaade43851fae&units=M,181,0,0
1773154038946,176,HTTP Request,200,OK,Ramp-up Load 1-1,text,true,,1194,224,1,1,https://api.weatherbit.io/v2.0/current?city=Dubai&country=AE&key=628bd42a721c4a57b7ffaade43851fae&units=M,176,0,0
1773154039945,177,HTTP Request,200,OK,Ramp-up Load 1-1,text,true,,1196,228,1,1,https://api.weatherbit.io/v2.0/current?city=Singapore&country=SG&key=628bd42a721c4a57b7ffaade43851fae&units=M,177,0,0
1773154040945,181,HTTP Request,200,OK,Ramp-up Load 1-1,text,true,,1212,230,1,1,https://api.weatherbit.io/v2.0/current?city=Los+Angeles&country=US&key=628bd42a721c4a57b7ffaade43851fae&units=M,180,0,0
1773154041942,180,HTTP Request,200,OK,Ramp-up Load 1-1,text,true,,1198,225,1,1,https://api.weatherbit.io/v2.0/current?city=Sydney&country=AU&key=628bd42a721c4a57b7ffaade43851fae&units=M,179,0,0
1773154042942,180,HTTP Request,200,OK,Ramp-up Load 1-1,text,true,,1219,225,1,1,https://api.weatherbit.io/v2.0/current?city=London&country=GB&key=628bd42a721c4a57b7ffaade43851fae&units=M,180,0,0
1773154043945,207,HTTP Request,200,OK,Ramp-up Load 1-1,text,true,,1233,227,1,1,https://api.weatherbit.io/v2.0/current?city=New+York&country=US&key=628bd42a721c4a57b7ffaade43851fae&units=M,207,0,0
1773154044942,180,HTTP Request,200,OK,Ramp-up Load 1-1,text,true,,1185,224,1,1,https://api.weatherbit.io/v2.0/current?city=Tokyo&country=JP&key=628bd42a721c4a57b7ffaade43851fae&units=M,180,0,0
1773154045945,181,HTTP Request,200,OK,Ramp-up Load 1-1,text,true,,1209,224,1,1,https://api.weatherbit.io/v2.0/current?city=Paris&country=FR&key=628bd42a721c4a57b7ffaade43851fae&units=M,180,0,0
1773154046946,183,HTTP Request,200,OK,Ramp-up Load 1-1,text,true,,1198,224,1,1,https://api.weatherbit.io/v2.0/current?city=Dubai&country=AE&key=628bd42a721c4a57b7ffaade43851fae&units=M,183,0,0
1773154047943,181,HTTP Request,200,OK,Ramp-up Load 1-1,text,true,,1196,228,1,1,https://api.weatherbit.io/v2.0/current?city=Singapore&country=SG&key=628bd42a721c4a57b7ffaade43851fae&units=M,181,0,0
1773154048945,181,HTTP Request,200,OK,Ramp-up Load 1-1,text,true,,1212,230,1,1,https://api.weatherbit.io/v2.0/current?city=Los+Angeles&country=US&key=628bd42a721c4a57b7ffaade43851fae&units=M,181,0,0
1773154049945,178,HTTP Request,200,OK,Ramp-up Load 1-1,text,true,,1194,225,1,1,https://api.weatherbit.io/v2.0/current?city=Sydney&country=AU&key=628bd42a721c4a57b7ffaade43851fae&units=M,178,0,0
1773154050946,180,HTTP Request,200,OK,Ramp-up Load 1-1,text,true,,1219,225,1,1,https://api.weatherbit.io/v2.0/current?city=London&country=GB&key=628bd42a721c4a57b7ffaade43851fae&units=M,180,0,0
1773154051944,178,HTTP Request,200,OK,Ramp-up Load 1-1,text,true,,1229,227,1,1,https://api.weatherbit.io/v2.0/current?city=New+York&country=US&key=628bd42a721c4a57b7ffaade43851fae&units=M,178,0,0
1773154052942,178,HTTP Request,200,OK,Ramp-up Load 1-1,text,true,,1181,224,1,1,https://api.weatherbit.io/v2.0/current?city=Tokyo&country=JP&key=628bd42a721c4a57b7ffaade43851fae&units=M,178,0,0
1773154053942,183,HTTP Request,200,OK,Ramp-up Load 1-1,text,true,,1209,224,1,1,https://api.weatherbit.io/v2.0/current?city=Paris&country=FR&key=628bd42a721c4a57b7ffaade43851fae&units=M,183,0,0
1773154054945,175,HTTP Request,200,OK,Ramp-up Load 1-1,text,true,,1194,224,1,1,https://api.weatherbit.io/v2.0/current?city=Dubai&country=AE&key=628bd42a721c4a57b7ffaade43851fae&units=M,175,0,0
1773154055941,176,HTTP Request,200,OK,Ramp-up Load 1-1,text,true,,1192,228,1,1,https://api.weatherbit.io/v2.0/current?city=Singapore&country=SG&key=628bd42a721c4a57b7ffaade43851fae&units=M,176,0,0
